{
  "timestamp": "20260319_174542",
  "total_epochs": 50,
  "best_val_loss": -3.20813367992151,
  "final_lr": 0.000125,
  "train_losses": [
    -1.331978642571052,
    -1.848805297081965,
    -2.0183879274117627,
    -2.1604513451304035,
    -2.2578160207129603,
    -2.3120973582630038,
    -2.347204612021084,
    -2.3850236384530823,
    -2.406887956468476,
    -2.417249530003056,
    -2.444377109744955,
    -2.463127505852701,
    -2.486181102004629,
    -2.5079099451491964,
    -2.5152766665394055,
    -2.5452368969300445,
    -2.563760390761452,
    -2.5757136428135867,
    -2.5752245077607077,
    -2.6038866478804445,
    -2.615424247248217,
    -2.6292985224870686,
    -2.6320694741282376,
    -2.6494275054892475,
    -2.6594338970262656,
    -2.665093231984477,
    -2.6745265842218418,
    -2.6830984508232416,
    -2.696153286790946,
    -2.7002783920730655,
    -2.7112812193022617,
    -2.7245813233651663,
    -2.7218396379717564,
    -2.732638598467535,
    -2.7372918736028966,
    -2.7467236558025134,
    -2.763031599702776,
    -2.7675462141174068,
    -2.777922222256905,
    -2.777510480959068,
    -2.7791553233928012,
    -2.7893726580931175,
    -2.786615389328473,
    -2.784585392695433,
    -2.793123165440021,
    -2.786884167845489,
    -2.7936178281811475,
    -2.7947979306293464,
    -2.794282935238472,
    -2.7968368143516398
  ],
  "val_losses": [
    -2.06833994877143,
    -2.3663570714778586,
    -2.5375207897092475,
    -2.62299524369787,
    -2.6532923999379894,
    -2.7326845204243893,
    -2.7648848334296803,
    -2.7502514163001637,
    -2.668058072934385,
    -2.8415730957125054,
    -2.9225348038751573,
    -2.856804325932362,
    -2.8611192331939446,
    -2.858865782862804,
    -2.8488705744508835,
    -2.9381084031746036,
    -2.86011706610195,
    -2.975156895449904,
    -2.9518082747693923,
    -2.9937183329316435,
    -3.016841464355344,
    -3.0407854768096425,
    -3.01154393250825,
    -3.071114270413508,
    -3.0664541994939083,
    -3.0106096033190117,
    -3.0242693580564906,
    -3.1323506538985204,
    -2.9457780415894557,
    -3.1176846105544294,
    -3.103710307449591,
    -3.1599047848435697,
    -3.0907149666645486,
    -3.1276393913831866,
    -3.0717619071241287,
    -3.154215843951116,
    -3.1445814840129165,
    -3.1351512905027046,
    -3.17897599642394,
    -3.1764718724078818,
    -3.18902684430607,
    -3.178659001334769,
    -3.194689109677174,
    -3.20813367992151,
    -3.190733051690899,
    -3.1656035751592917,
    -3.169135998507015,
    -3.170888482547197,
    -3.1887513516379182,
    -3.179033908687654
  ],
  "metrics": {
    "mape": 1.43,
    "rmse": 501.38
  },
  "config": {
    "seed": 221,
    "data": {
      "csv_path": "data/historic_demand_2009_2024_noNaN.csv",
      "date_start": "2019-01-01",
      "date_end": "2024-12-31",
      "target": "tsd",
      "threshold_date_1": "01-01-2023",
      "threshold_date_2": "01-01-2024"
    },
    "features": {
      "enabled": true,
      "columns": [
        "is_holiday",
        "is_working_day",
        "is_daytime",
        "workday_peak"
      ],
      "cols_to_scale": [
        "tsd"
      ]
    },
    "seq_len": 48,
    "batch_size": 144,
    "model": {
      "type": "lstm",
      "d_model": 64,
      "num_layers": 2,
      "dropout": 0.5,
      "bidirectional": false
    },
    "training": {
      "num_epochs": 50,
      "learning_rate": 0.0005,
      "patience": 12,
      "lr_factor": 0.5,
      "lr_patience": 5
    }
  }
}