{
  "timestamp": "20260318_171841",
  "total_epochs": 50,
  "best_val_loss": -3.2118331350264,
  "final_lr": 0.0005,
  "train_losses": [
    -1.5224153551118147,
    -1.8913627610803874,
    -2.016740269974272,
    -2.1268187751515444,
    -2.1828857819402487,
    -2.2040487363842725,
    -2.249311331361226,
    -2.2977681568760646,
    -2.3379460181543714,
    -2.3434728004604395,
    -2.3696577732567916,
    -2.4033771381241094,
    -2.440403540521187,
    -2.4505761991536104,
    -2.485668750269457,
    -2.5050025010745385,
    -2.518021818548747,
    -2.5500489147781593,
    -2.5611276129677556,
    -2.585330685550917,
    -2.6065889410904055,
    -2.615068929151343,
    -2.6369417330567595,
    -2.649168126147386,
    -2.667683080481308,
    -2.6782976648401187,
    -2.685829895477765,
    -2.7051297658767544,
    -2.711866840934362,
    -2.7288510446920533,
    -2.731402738383174,
    -2.7469802289528036,
    -2.7474197974195227,
    -2.7529814101342547,
    -2.7603276108814216,
    -2.7629943608748104,
    -2.7676090538134566,
    -2.776285426083042,
    -2.784896712528362,
    -2.776561832525892,
    -2.7801559363057726,
    -2.785513322211389,
    -2.788178376838167,
    -2.7908113174125155,
    -2.787306728793855,
    -2.7916388022091843,
    -2.7918243065507014,
    -2.792907642388001,
    -2.7917986439973177,
    -2.7955251293260703
  ],
  "val_losses": [
    -2.154389029643575,
    -2.49416711877604,
    -2.378467164078697,
    -2.509917588507543,
    -2.5861763133377327,
    -2.5952724570133645,
    -2.7085780237541823,
    -2.6958299113101645,
    -2.7381531566870017,
    -2.7141250704155593,
    -2.7361618397665803,
    -2.7570291405818503,
    -2.830272506494991,
    -2.827406732762446,
    -2.844117277958354,
    -2.899982815883199,
    -2.904698303488434,
    -2.9510718662230695,
    -2.9281814743260868,
    -3.0137396757719945,
    -3.0069790785429906,
    -2.9991129382711943,
    -3.0272862090439094,
    -3.0437603368133797,
    -3.0220792723483725,
    -3.0754399905439285,
    -3.064375132810874,
    -3.0862322478997903,
    -3.085625759890822,
    -3.116959192713753,
    -3.1552071981742733,
    -3.145531965083763,
    -3.132072071560094,
    -3.126391508540169,
    -3.1371930779003705,
    -3.157711177575784,
    -3.161948895845257,
    -3.1592451294914623,
    -3.1837201059841718,
    -3.190505289640583,
    -3.1756658925384773,
    -3.160728952923759,
    -3.203733311324823,
    -3.197608754283092,
    -3.2118331350264,
    -3.1715364397549237,
    -3.1732168822992044,
    -3.184765110250379,
    -3.1827341083620415,
    -3.1486118093865816
  ],
  "metrics": {
    "mape": 1.35,
    "rmse": 457.53
  },
  "config": {
    "seed": 221,
    "data": {
      "csv_path": "data/historic_demand_2009_2024_noNaN.csv",
      "date_start": "2019-01-01",
      "date_end": "2024-12-31",
      "target": "tsd",
      "threshold_date_1": "01-01-2023",
      "threshold_date_2": "01-01-2024"
    },
    "features": {
      "enabled": false,
      "columns": [],
      "cols_to_scale": "all"
    },
    "seq_len": 48,
    "batch_size": 144,
    "model": {
      "type": "lstm",
      "d_model": 64,
      "num_layers": 2,
      "dropout": 0.5,
      "bidirectional": false
    },
    "training": {
      "num_epochs": 50,
      "learning_rate": 0.0005,
      "patience": 12,
      "lr_factor": 0.5,
      "lr_patience": 5
    }
  }
}