{
  "timestamp": "20260319_175401",
  "total_epochs": 50,
  "best_val_loss": -3.2444851906573184,
  "final_lr": 0.000125,
  "train_losses": [
    -1.3698332800130213,
    -1.8458264468876489,
    -1.9799257213330121,
    -2.102917140758992,
    -2.18607661660447,
    -2.235953847730429,
    -2.2853804124209427,
    -2.314529845357186,
    -2.3603859591533025,
    -2.3782358000655437,
    -2.4172912863000953,
    -2.4372738746646982,
    -2.457991965742327,
    -2.4824156413577665,
    -2.5092438559757366,
    -2.529480616414816,
    -2.5509049329424784,
    -2.565863518744279,
    -2.587514691284305,
    -2.617487773758185,
    -2.6374940206382798,
    -2.651065722628051,
    -2.676996797017248,
    -2.692644586798102,
    -2.706731525779505,
    -2.722226695603169,
    -2.7298179842852957,
    -2.737504396105694,
    -2.7513418089927346,
    -2.758965865297729,
    -2.7676503922660247,
    -2.7737506307370854,
    -2.773542974519044,
    -2.785073469306899,
    -2.7904376006958667,
    -2.794734367844505,
    -2.799525104264214,
    -2.8012988528187024,
    -2.8220320124890526,
    -2.8242305358087747,
    -2.825261370112519,
    -2.822845936311099,
    -2.8205832788831646,
    -2.82665031548643,
    -2.825591301281594,
    -2.832164249381001,
    -2.8323482267665665,
    -2.8415132841779958,
    -2.836614937263348,
    -2.8369462083742114
  ],
  "val_losses": [
    -2.028063262095217,
    -2.348009132948078,
    -2.4713772867546706,
    -2.526742647905819,
    -2.687473517949464,
    -2.6658444091921947,
    -2.729653657459822,
    -2.6839317474208895,
    -2.7708971637194275,
    -2.7751324059533293,
    -2.8204773019571774,
    -2.882524531395709,
    -2.8563534568567746,
    -2.8721856386935123,
    -2.8896811477473525,
    -2.8826915611986252,
    -2.840315056628868,
    -2.9709382311242525,
    -3.031326168873271,
    -3.0191838897642542,
    -3.0096471739597006,
    -3.051926544455231,
    -2.9896918203009935,
    -3.080165765324577,
    -3.053250605942773,
    -3.0848901174107537,
    -3.1400850385916037,
    -3.1331913666646987,
    -3.135299262453298,
    -3.137621156504897,
    -3.145358326005154,
    -3.178560999573254,
    -3.1347161433735833,
    -3.122377221701575,
    -3.1607144172074366,
    -3.1611845356519104,
    -3.1641072425685945,
    -3.1694857292487972,
    -3.2162792057287497,
    -3.2262419716256563,
    -3.234028595392821,
    -3.2043297662109627,
    -3.2214291682008835,
    -3.230243585148796,
    -3.2239772335427705,
    -3.229844531074899,
    -3.2096714387174514,
    -3.2444851906573184,
    -3.233391703152266,
    -3.2347853809106546
  ],
  "metrics": {
    "mape": 1.35,
    "rmse": 462.66
  },
  "config": {
    "seed": 221,
    "data": {
      "csv_path": "data/historic_demand_2009_2024_noNaN.csv",
      "date_start": "2019-01-01",
      "date_end": "2024-12-31",
      "target": "tsd",
      "threshold_date_1": "01-01-2023",
      "threshold_date_2": "01-01-2024"
    },
    "features": {
      "enabled": true,
      "columns": [
        "is_working_day",
        "is_daytime",
        "workday_peak"
      ],
      "cols_to_scale": [
        "tsd"
      ]
    },
    "seq_len": 48,
    "batch_size": 144,
    "model": {
      "type": "lstm",
      "d_model": 64,
      "num_layers": 2,
      "dropout": 0.5,
      "bidirectional": false
    },
    "training": {
      "num_epochs": 50,
      "learning_rate": 0.0005,
      "patience": 12,
      "lr_factor": 0.5,
      "lr_patience": 5
    }
  }
}