{
  "timestamp": "20260319_110851",
  "total_epochs": 50,
  "best_val_loss": -2.905606086136865,
  "final_lr": 0.000125,
  "train_losses": [
    -1.2189937896024459,
    -1.4450018289030455,
    -1.460358736541283,
    -1.5627094762403617,
    -1.6355097161670975,
    -1.7337275909936893,
    -1.8055444877495266,
    -1.8520768481847931,
    -1.8899582893696654,
    -1.938676589568293,
    -1.9590151170440768,
    -2.003232457064995,
    -2.0343895903358225,
    -2.080405558159219,
    -2.105356894479395,
    -2.1283303168764838,
    -2.1680785035695385,
    -2.184773590530458,
    -2.219964725036151,
    -2.2394276135266438,
    -2.257494148532468,
    -2.276175201795919,
    -2.298771673404216,
    -2.317457975548151,
    -2.3391239231861594,
    -2.3592551557435146,
    -2.3793454689166875,
    -2.397421534301319,
    -2.424887506379239,
    -2.4466590440738374,
    -2.462865714419794,
    -2.480014625271243,
    -2.488032575995036,
    -2.5005434460218927,
    -2.509886183043525,
    -2.520857117259282,
    -2.5332404328567537,
    -2.542913829521477,
    -2.5552939693051444,
    -2.560808864217519,
    -2.5638295311702595,
    -2.570604102077915,
    -2.574495886875129,
    -2.581736440286499,
    -2.623283109625752,
    -2.634658864391413,
    -2.644334468508648,
    -2.6441087977352575,
    -2.6539006786424766,
    -2.6671703258334243
  ],
  "val_losses": [
    -1.3388550994826145,
    -1.4340526178234914,
    -1.4659568452444234,
    -1.696462516901923,
    -1.8049142028464646,
    -1.9019688631667466,
    -1.9815339387440292,
    -2.0886955759564385,
    -2.1390631794929504,
    -2.1917245661626095,
    -2.260550424700878,
    -2.273339005767322,
    -2.2932177088299737,
    -2.3677422169779168,
    -2.354267827800063,
    -2.413052047862381,
    -2.451196645126968,
    -2.4705675947861594,
    -2.448022289354293,
    -2.499802469230089,
    -2.591057547780334,
    -2.586328176201367,
    -2.661172118343291,
    -2.646715633204726,
    -2.6544700724179626,
    -2.71895771632429,
    -2.6696304444406853,
    -2.6435868153806594,
    -2.6762707272513966,
    -2.742659519930355,
    -2.7341106192010347,
    -2.7069253042095998,
    -2.729024248044999,
    -2.757444152089416,
    -2.8159333936503677,
    -2.7667228726089976,
    -2.756716420415972,
    -2.905606086136865,
    -2.7738682920815516,
    -2.824260633499896,
    -2.790009322713633,
    -2.81567364833394,
    -2.7856725669298017,
    -2.7287251744113985,
    -2.84863418340683,
    -2.875567184119928,
    -2.896777029897346,
    -2.8113625440441194,
    -2.751367229907239,
    -2.8048257700732497
  ],
  "metrics": {
    "mape": 2.95,
    "rmse": 1200.8
  },
  "config": {
    "seed": 221,
    "data": {
      "csv_path": "data/historic_demand_2009_2024_noNaN.csv",
      "date_start": "2019-01-01",
      "date_end": "2024-12-31",
      "target": "tsd",
      "threshold_date_1": "01-01-2023",
      "threshold_date_2": "01-01-2024"
    },
    "features": {
      "enabled": true,
      "columns": [
        "is_holiday",
        "sp_sin",
        "sp_cos",
        "dow_sin",
        "dow_cos",
        "moy_sin",
        "moy_cos",
        "doy_sin",
        "doy_cos"
      ],
      "cols_to_scale": [
        "tsd"
      ]
    },
    "seq_len": 48,
    "batch_size": 144,
    "model": {
      "type": "nbeats",
      "seq_len": 48,
      "num_stacks": 2,
      "num_blocks_per_stack": 3,
      "num_fc_layers": 4,
      "fc_dim": 256,
      "forecast_dim": 64,
      "dropout": 0.5
    },
    "training": {
      "num_epochs": 50,
      "learning_rate": 0.0005,
      "patience": 12,
      "lr_factor": 0.5,
      "lr_patience": 5
    }
  }
}