{
  "timestamp": "20260318_170135",
  "total_epochs": 50,
  "best_val_loss": -3.300254903855871,
  "final_lr": 0.00025,
  "train_losses": [
    -1.30699909992757,
    -1.9118881531564607,
    -2.0779459525427533,
    -2.169409774901686,
    -2.247726487917577,
    -2.2799866258241313,
    -2.314173068843583,
    -2.3389800946080954,
    -2.4073722460431486,
    -2.436214892036861,
    -2.4533604929334576,
    -2.4764535762446127,
    -2.5036748214424023,
    -2.5263062517256216,
    -2.5402844150453134,
    -2.5639549535402772,
    -2.5687539122187872,
    -2.5939032830741615,
    -2.5996710407170918,
    -2.617347111202608,
    -2.6304844923822297,
    -2.6426901293486296,
    -2.6574836134665802,
    -2.674039542063061,
    -2.6824365822441525,
    -2.693921976265721,
    -2.7035598514995534,
    -2.7125974526395544,
    -2.72826878588792,
    -2.7362569166649537,
    -2.736393114379789,
    -2.7487708611654793,
    -2.7546559817002785,
    -2.757537675344479,
    -2.76790182154771,
    -2.77012799407912,
    -2.7836751007691056,
    -2.7823723512998106,
    -2.7859636547629103,
    -2.793807966753198,
    -2.798178451506754,
    -2.803063696659566,
    -2.809288114003332,
    -2.8088803266842506,
    -2.811883334016898,
    -2.8159166292977775,
    -2.814298953363783,
    -2.815228922900723,
    -2.8318326987280247,
    -2.8329783964450845
  ],
  "val_losses": [
    -2.2692882916966424,
    -2.5066136805737607,
    -2.4513187144623427,
    -2.782945294849208,
    -2.7485916536362445,
    -2.74162579559889,
    -2.81791075917541,
    -2.813416361808777,
    -2.9457066332707638,
    -2.9175202866069605,
    -3.0167438944832226,
    -2.9198104905300455,
    -2.952542627444033,
    -3.045765863090265,
    -3.056920600719139,
    -3.0263875488375054,
    -3.0068793414069,
    -3.0614225102252646,
    -3.0976495058810123,
    -3.0858096451055808,
    -3.0881609604006908,
    -3.0751748280447035,
    -3.163766229738955,
    -3.1018682952787056,
    -3.1164136773250144,
    -3.182474359137113,
    -3.1807216562208582,
    -3.1730787597718786,
    -3.1485284332369194,
    -3.134175365088416,
    -3.1437971259726853,
    -3.212191532869808,
    -3.190400965878221,
    -3.160633898172222,
    -3.233931740776437,
    -3.1731405863996414,
    -3.2128572757126856,
    -3.1783311230237365,
    -3.2207587664244604,
    -3.256072493850208,
    -3.1923152051988195,
    -3.2804115893410857,
    -3.2686895386117403,
    -3.2678321150482676,
    -3.2366075887054695,
    -3.2578351888500277,
    -3.1971963292262595,
    -3.245087232746062,
    -3.264274218043343,
    -3.300254903855871
  ],
  "metrics": {
    "mape": 1.59,
    "rmse": 542.6
  },
  "config": {
    "seed": 221,
    "data": {
      "csv_path": "data/historic_demand_2009_2024_noNaN.csv",
      "date_start": "2019-01-01",
      "date_end": "2024-12-31",
      "target": "tsd",
      "threshold_date_1": "01-01-2023",
      "threshold_date_2": "01-01-2024"
    },
    "features": {
      "enabled": false,
      "columns": [],
      "cols_to_scale": "all"
    },
    "seq_len": 48,
    "batch_size": 144,
    "model": {
      "type": "transformer",
      "d_model": 64,
      "nhead": 4,
      "num_layers": 2,
      "dim_feedforward": 128,
      "dropout": 0.5
    },
    "training": {
      "num_epochs": 50,
      "learning_rate": 0.0005,
      "patience": 12,
      "lr_factor": 0.5,
      "lr_patience": 5
    }
  }
}