{
  "timestamp": "20260319_201141",
  "total_epochs": 94,
  "best_val_loss": -3.2506593368092522,
  "final_lr": 1.5625e-05,
  "train_losses": [
    -1.458478054557879,
    -1.84248439061273,
    -2.007106900215149,
    -2.0898243569836175,
    -2.1469135493347324,
    -2.204133947608397,
    -2.236055699820371,
    -2.27955412963002,
    -2.3116008837198474,
    -2.333841713924998,
    -2.3682764073008116,
    -2.3819206107523025,
    -2.4131474465439,
    -2.4475738102627784,
    -2.481441058326013,
    -2.505974200091411,
    -2.5217413833460856,
    -2.5410991870250896,
    -2.560806877096904,
    -2.578098705134441,
    -2.6004334376030362,
    -2.5988684236388844,
    -2.6172868050250813,
    -2.6249550681753258,
    -2.6415044278213657,
    -2.6614326422976466,
    -2.656480010514407,
    -2.6851482779709333,
    -2.685382049108289,
    -2.692826581247074,
    -2.7018220321419313,
    -2.70305180697097,
    -2.7180909618888935,
    -2.727342417805465,
    -2.741623772296709,
    -2.751426076397453,
    -2.7465998330067114,
    -2.7552700239358487,
    -2.7557569592269426,
    -2.759802708674952,
    -2.7680443006692474,
    -2.770736723339435,
    -2.778078931631501,
    -2.770671560592258,
    -2.7815658687316267,
    -2.7827507943222205,
    -2.808350136845382,
    -2.804202134338851,
    -2.811175383243364,
    -2.806897497177124,
    -2.8090911422808147,
    -2.810573437287635,
    -2.810230621357554,
    -2.8094377448878336,
    -2.8130161703247385,
    -2.81954822097857,
    -2.815734303366278,
    -2.8247422237986144,
    -2.8209883930756874,
    -2.826168630540985,
    -2.825059758510786,
    -2.8276588670986214,
    -2.829190679923775,
    -2.83362993800763,
    -2.8319429599132735,
    -2.829009795434696,
    -2.8299214441751697,
    -2.8344386336729697,
    -2.8396564935900503,
    -2.8364744987684425,
    -2.844196808215269,
    -2.843014531774619,
    -2.8410723337193127,
    -2.844632434353386,
    -2.837826087794353,
    -2.8445175372448164,
    -2.844335999439672,
    -2.84229804117655,
    -2.8502760425056377,
    -2.840639925986221,
    -2.8488163535127935,
    -2.8493670232517205,
    -2.848832038997375,
    -2.849194636295751,
    -2.849198206675421,
    -2.84854863845196,
    -2.850463918312309,
    -2.8464617203191382,
    -2.8520252911085935,
    -2.849875205816682,
    -2.852345858652567,
    -2.852119984086027,
    -2.853024919254264,
    -2.852709387258156
  ],
  "val_losses": [
    -2.1272203511879093,
    -2.3540369545827144,
    -2.412129068960909,
    -2.488815514767756,
    -2.6395902516411955,
    -2.6701859802496237,
    -2.6204920264541127,
    -2.711442562400318,
    -2.733527154218955,
    -2.764459840586928,
    -2.779586260436011,
    -2.8090386820621176,
    -2.7861826908392984,
    -2.7821539308204026,
    -2.9046335650272055,
    -2.849645554042253,
    -2.9126029229554975,
    -2.9522493804087406,
    -2.9417426312556034,
    -2.956263741508859,
    -2.974960919286384,
    -3.0049255206936696,
    -3.0064308975563674,
    -3.0078473169295514,
    -2.982407401819698,
    -3.0657985816236404,
    -3.0539038200847437,
    -3.0445591563084085,
    -3.0249518214679156,
    -3.085063070547385,
    -3.0883925078345125,
    -3.112063222244138,
    -3.0954613372927806,
    -3.0663695394015704,
    -3.1454509105838713,
    -3.1514776495636485,
    -3.1049105730213102,
    -3.173985876020838,
    -3.1520357757318216,
    -3.1858581656315286,
    -3.1443749412161406,
    -3.1656855813792495,
    -3.1679416425892564,
    -3.1748341439200227,
    -3.162843157033451,
    -3.1760273546469016,
    -3.197050295892309,
    -3.1998339266073508,
    -3.1623145126905596,
    -3.2118164379088605,
    -3.174279531494516,
    -3.193669780355985,
    -3.224008364755599,
    -3.216116696107583,
    -3.2074605930046958,
    -3.212838780684549,
    -3.2029910458893074,
    -3.2209644864817135,
    -3.2164975482909406,
    -3.2067084156098913,
    -3.2123555824404857,
    -3.220884940663322,
    -3.2205447075796907,
    -3.236631901537786,
    -3.221595044995918,
    -3.2242249973484727,
    -3.2240744145190128,
    -3.2422750738800548,
    -3.2425339397836903,
    -3.2314872253136557,
    -3.244873001927235,
    -3.228251853927237,
    -3.2311554170045698,
    -3.233649435590525,
    -3.222988865414604,
    -3.210977771243111,
    -3.22119508219547,
    -3.243681583248201,
    -3.248291781691254,
    -3.2342853624312604,
    -3.2336506335461728,
    -3.2506593368092522,
    -3.2388597961331977,
    -3.2486666616846303,
    -3.248426613260488,
    -3.238237355576187,
    -3.2373633970979783,
    -3.237461221022684,
    -3.2485325238743767,
    -3.242239469387492,
    -3.243566087034882,
    -3.2452571685196925,
    -3.247671447816442,
    -3.2396537769036216
  ],
  "metrics": {
    "mape": 1.51,
    "rmse": 521.86
  },
  "config": {
    "seed": 221,
    "data": {
      "csv_path": "data/historic_demand_2009_2024_noNaN.csv",
      "date_start": "2019-01-01",
      "date_end": "2024-12-31",
      "target": "tsd",
      "threshold_date_1": "01-01-2023",
      "threshold_date_2": "01-01-2024"
    },
    "features": {
      "enabled": true,
      "columns": [
        "doy_sin",
        "doy_cos",
        "dow_sin",
        "dow_cos",
        "is_day_off",
        "is_evening_peak",
        "tsd_lag_48",
        "tsd_lag_336"
      ],
      "cols_to_scale": [
        "tsd",
        "tsd_lag_48",
        "tsd_lag_336"
      ]
    },
    "seq_len": 48,
    "batch_size": 144,
    "model": {
      "type": "lstm",
      "d_model": 64,
      "num_layers": 2,
      "dropout": 0.5,
      "bidirectional": false
    },
    "training": {
      "num_epochs": 100,
      "learning_rate": 0.0005,
      "patience": 12,
      "lr_factor": 0.5,
      "lr_patience": 5
    }
  }
}