{
  "timestamp": "20260319_145953",
  "total_epochs": 50,
  "best_val_loss": -3.2173713093898337,
  "final_lr": 0.0005,
  "train_losses": [
    -1.3431552102506252,
    -1.7791616835878126,
    -1.944750253914318,
    -2.056250291438563,
    -2.1609084877879714,
    -2.2082118853406496,
    -2.2659306173696656,
    -2.305244880045709,
    -2.341231915740262,
    -2.3751506071071113,
    -2.407606616157281,
    -2.4433320207517495,
    -2.464880647600554,
    -2.481905168576407,
    -2.5183703174826055,
    -2.534284863383863,
    -2.5561476610524454,
    -2.564680815722174,
    -2.5893316626303986,
    -2.601296055733056,
    -2.6229163004387575,
    -2.6395108773233464,
    -2.6506503754327917,
    -2.6610056986798987,
    -2.676889689796025,
    -2.683530456476388,
    -2.6902074960712534,
    -2.7046220234042564,
    -2.7152135802979833,
    -2.725650160709201,
    -2.7296007771266804,
    -2.741534182667977,
    -2.740008997476566,
    -2.7465326844789164,
    -2.7499014792745853,
    -2.763637962282561,
    -2.7713510857960038,
    -2.7829608731201296,
    -2.7780483562109164,
    -2.783325786218506,
    -2.7850094791310522,
    -2.786624915301188,
    -2.779003737153948,
    -2.801265873703379,
    -2.8013310838773755,
    -2.805666601388606,
    -2.800632967841209,
    -2.7976288785679873,
    -2.804814642214922,
    -2.8022090556440413
  ],
  "val_losses": [
    -1.9033172599604873,
    -2.280210639609665,
    -2.391336137154063,
    -2.403996244805758,
    -2.5530578484300706,
    -2.6172164659031103,
    -2.6541297005825357,
    -2.703594768633608,
    -2.7062249730844967,
    -2.7561202068797876,
    -2.8429237447801183,
    -2.853404523896389,
    -2.8808961598599545,
    -2.843110971763486,
    -2.913376257067821,
    -2.920724802329892,
    -2.87464063089402,
    -3.006124680159522,
    -2.9752802966070955,
    -2.9591129216991487,
    -3.0474923810020824,
    -3.006642077789932,
    -3.0276331960177814,
    -3.0522011479393383,
    -3.022523262461678,
    -3.0449954408114075,
    -3.0946642961658415,
    -3.0882286556431504,
    -3.0996781939365823,
    -3.1100836269191054,
    -3.105693582628594,
    -3.1502265168018027,
    -3.071337574818095,
    -3.1155301781951406,
    -3.1315290263441744,
    -3.1976203644861942,
    -3.182718669781919,
    -3.1971817622419265,
    -3.1948814489802375,
    -3.180435706357487,
    -3.1944842045424413,
    -3.2052664971742475,
    -3.2092207982891896,
    -3.1967692160215533,
    -3.1629583405666666,
    -3.203454496430569,
    -3.189787612586725,
    -3.2132927550644172,
    -3.2173713093898337,
    -3.132501672525875
  ],
  "metrics": {
    "mape": 1.78,
    "rmse": 581.45
  },
  "config": {
    "seed": 221,
    "data": {
      "csv_path": "data/historic_demand_2009_2024_noNaN.csv",
      "date_start": "2019-01-01",
      "date_end": "2024-12-31",
      "target": "tsd",
      "threshold_date_1": "01-01-2023",
      "threshold_date_2": "01-01-2024"
    },
    "features": {
      "enabled": true,
      "columns": [
        "is_holiday",
        "is_working_day",
        "is_daytime",
        "workday_peak",
        "sp_sin",
        "sp_cos",
        "dow_sin",
        "dow_cos",
        "doy_sin",
        "doy_cos"
      ],
      "cols_to_scale": [
        "tsd"
      ]
    },
    "seq_len": 48,
    "batch_size": 144,
    "model": {
      "type": "lstm",
      "d_model": 64,
      "num_layers": 2,
      "dropout": 0.5,
      "bidirectional": false
    },
    "training": {
      "num_epochs": 50,
      "learning_rate": 0.0005,
      "patience": 12,
      "lr_factor": 0.5,
      "lr_patience": 5
    }
  }
}