{
  "timestamp": "20260319_195658",
  "total_epochs": 73,
  "best_val_loss": -3.2217012194336436,
  "final_lr": 3.125e-05,
  "train_losses": [
    -1.3165936115172976,
    -1.7858410846036563,
    -1.9937486587363837,
    -2.104380397581222,
    -2.2012006854619335,
    -2.2570574699730845,
    -2.308999643678293,
    -2.336452448637334,
    -2.372620859430066,
    -2.3963816457215765,
    -2.4142829715838423,
    -2.430331689376361,
    -2.4394012601468598,
    -2.4641690592011876,
    -2.485252216856093,
    -2.514261713262946,
    -2.533028378378929,
    -2.5358437287489246,
    -2.552108320612193,
    -2.5701125020608764,
    -2.5830554678209996,
    -2.5857512427061735,
    -2.5988566483805067,
    -2.6140355677085734,
    -2.6425593232227302,
    -2.6443604022815244,
    -2.651413601281951,
    -2.6677057087054243,
    -2.68056791959602,
    -2.6929369021734906,
    -2.695915141879166,
    -2.7007149014874408,
    -2.7102375946005757,
    -2.7100353358462606,
    -2.7170400506906685,
    -2.720383212306906,
    -2.732897224367522,
    -2.741422888679426,
    -2.7426420736606607,
    -2.7486928101682566,
    -2.759753772120701,
    -2.7585507692497613,
    -2.757736108631079,
    -2.7637612193027317,
    -2.763044511513054,
    -2.760238172092477,
    -2.7665427164375416,
    -2.7689741382363886,
    -2.784849478723577,
    -2.795894608605324,
    -2.796100480845332,
    -2.796147252989501,
    -2.7931899498130752,
    -2.7987256725710763,
    -2.7954223905011126,
    -2.798633889373568,
    -2.8013538844286785,
    -2.802374433443042,
    -2.807121405611293,
    -2.8139360680472434,
    -2.8102874496389463,
    -2.807088654144099,
    -2.806814879607371,
    -2.808738472035778,
    -2.806609848931095,
    -2.812394432953006,
    -2.80644201742795,
    -2.814280063709439,
    -2.8137864777684456,
    -2.812462129142495,
    -2.8146948070251967,
    -2.8179553132771957,
    -2.821762371356972
  ],
  "val_losses": [
    -2.1106145499182527,
    -2.3620706698933587,
    -2.4724036591951966,
    -2.549892671772691,
    -2.6472010202095158,
    -2.6600888420323856,
    -2.669207643290035,
    -2.7135363211397263,
    -2.813417551947422,
    -2.7642550859294954,
    -2.7899640954908778,
    -2.863971704342326,
    -2.8658299407020946,
    -2.8323496267443797,
    -2.8496684910821135,
    -2.8304632237700167,
    -2.903220641808432,
    -2.9302913360908383,
    -2.9438235173459915,
    -2.985295835088511,
    -2.8963835258952906,
    -2.9476042927288617,
    -3.00079734599004,
    -2.983506085442715,
    -2.9555100886548153,
    -3.0276586344984713,
    -3.04235472249203,
    -3.062988480583566,
    -3.070733304883613,
    -3.0860503091186775,
    -3.08349539999102,
    -3.1055590441969576,
    -3.099302377857146,
    -3.101291992625252,
    -3.053492268577951,
    -3.041611589369227,
    -3.114458170093474,
    -3.0867095755749063,
    -3.087722264352392,
    -3.149828883468128,
    -3.1448851647924205,
    -3.169038739360747,
    -3.162915698817519,
    -3.153465702885487,
    -3.144973494967476,
    -3.1342739961186394,
    -3.1589745165871794,
    -3.068205825618056,
    -3.1891923302509744,
    -3.168579144556014,
    -3.2137376558585244,
    -3.1937411652236687,
    -3.186386522699575,
    -3.2057416829906527,
    -3.1948375506479234,
    -3.183808475244241,
    -3.1777468372563846,
    -3.2052965633204726,
    -3.2045223966973726,
    -3.20190776371565,
    -3.2217012194336436,
    -3.217888812549779,
    -3.2009171775129976,
    -3.1957930424174323,
    -3.1943701916053646,
    -3.1931097448849286,
    -3.2065644674613827,
    -3.2077213252177006,
    -3.2031158111134514,
    -3.2119506910199025,
    -3.216862295494705,
    -3.205084210536519,
    -3.2037398736985003
  ],
  "metrics": {
    "mape": 1.47,
    "rmse": 507.33
  },
  "config": {
    "seed": 221,
    "data": {
      "csv_path": "data/historic_demand_2009_2024_noNaN.csv",
      "date_start": "2019-01-01",
      "date_end": "2024-12-31",
      "target": "tsd",
      "threshold_date_1": "01-01-2023",
      "threshold_date_2": "01-01-2024"
    },
    "features": {
      "enabled": true,
      "columns": [
        "doy_sin",
        "doy_cos",
        "dow_sin",
        "dow_cos",
        "is_day_off",
        "is_evening_peak"
      ],
      "cols_to_scale": [
        "tsd"
      ]
    },
    "seq_len": 48,
    "batch_size": 144,
    "model": {
      "type": "lstm",
      "d_model": 64,
      "num_layers": 2,
      "dropout": 0.5,
      "bidirectional": false
    },
    "training": {
      "num_epochs": 100,
      "learning_rate": 0.0005,
      "patience": 12,
      "lr_factor": 0.5,
      "lr_patience": 5
    }
  }
}