{
  "timestamp": "20260319_103856",
  "total_epochs": 50,
  "best_val_loss": -3.2612515472974932,
  "final_lr": 0.00025,
  "train_losses": [
    -1.2980719645014243,
    -1.7912887917406994,
    -1.963788369230666,
    -2.0750175937245268,
    -2.117288672703737,
    -2.1759758649175907,
    -2.218157017745032,
    -2.2599440423859707,
    -2.2652436804477682,
    -2.3217412896714418,
    -2.363516923338481,
    -2.3836676917771293,
    -2.4203347381380302,
    -2.438402393760133,
    -2.4715539072573307,
    -2.494462542710118,
    -2.5049455807194327,
    -2.5322907999066113,
    -2.5597311862929892,
    -2.5900140219890115,
    -2.6160998990648334,
    -2.6355833963202255,
    -2.646387929054746,
    -2.6599666543565004,
    -2.6803634602431154,
    -2.691765156614707,
    -2.710328414454842,
    -2.7286201052107604,
    -2.7384534405976595,
    -2.7326404627343712,
    -2.75045439350042,
    -2.758672007300281,
    -2.7682216940964026,
    -2.7743492689465596,
    -2.7810164790378704,
    -2.7812373324830917,
    -2.784038558388148,
    -2.7861667702574993,
    -2.788215262199574,
    -2.7960857150491014,
    -2.7971440002903556,
    -2.8008440906751817,
    -2.7966827239833574,
    -2.803825983521385,
    -2.8044358220188523,
    -2.8102061650591463,
    -2.8264047570786683,
    -2.838495795486889,
    -2.841793095551477,
    -2.843698258762242
  ],
  "val_losses": [
    -1.8813633097976934,
    -2.265786082041068,
    -2.366625316807481,
    -2.5593311044036366,
    -2.625762540785993,
    -2.5973082937178065,
    -2.6166020455907604,
    -2.6125146795491703,
    -2.6732022586416027,
    -2.704865352052157,
    -2.802271526367938,
    -2.830806763445745,
    -2.8593152116556637,
    -2.8173938872384245,
    -2.7813851813801,
    -2.768984821976208,
    -2.7850010746815164,
    -2.9465547878234113,
    -2.968063172746877,
    -3.041725166508409,
    -3.033638868175569,
    -3.0099579037212933,
    -3.066298795528099,
    -3.03339367420947,
    -3.093444212538297,
    -3.119367536951284,
    -3.070482451407636,
    -3.138114493401324,
    -3.1176078182752014,
    -3.121427942494877,
    -3.074723030700058,
    -3.1827278625769693,
    -3.1821919835981776,
    -3.150587519661325,
    -3.1770032409761773,
    -3.1921576027010308,
    -3.1591002628451488,
    -3.1641429017801754,
    -3.148583869465062,
    -3.221971077997176,
    -3.1975718267628404,
    -3.196221918356223,
    -3.210492947062508,
    -3.210578576463168,
    -3.1794408286204106,
    -3.1678797788307316,
    -3.236833623198212,
    -3.2124243368867966,
    -3.2084814466413905,
    -3.2612515472974932
  ],
  "metrics": {
    "mape": 1.37,
    "rmse": 561.31
  },
  "config": {
    "seed": 221,
    "data": {
      "csv_path": "data/historic_demand_2009_2024_noNaN.csv",
      "date_start": "2019-01-01",
      "date_end": "2024-12-31",
      "target": "tsd",
      "threshold_date_1": "01-01-2023",
      "threshold_date_2": "01-01-2024"
    },
    "features": {
      "enabled": false,
      "columns": [],
      "cols_to_scale": "all"
    },
    "seq_len": 48,
    "batch_size": 144,
    "model": {
      "type": "nbeats",
      "seq_len": 48,
      "num_stacks": 2,
      "num_blocks_per_stack": 3,
      "num_fc_layers": 4,
      "fc_dim": 256,
      "forecast_dim": 64,
      "dropout": 0.5
    },
    "training": {
      "num_epochs": 50,
      "learning_rate": 0.0005,
      "patience": 12,
      "lr_factor": 0.5,
      "lr_patience": 5
    }
  }
}