{
  "timestamp": "20260319_203716",
  "total_epochs": 66,
  "best_val_loss": -3.2372339279925235,
  "final_lr": 3.125e-05,
  "train_losses": [
    -1.4482040343556584,
    -1.8629136670541468,
    -2.0287880170516654,
    -2.106229520676317,
    -2.1821175258017664,
    -2.252602859444197,
    -2.2879419478547645,
    -2.311243248181666,
    -2.350711039449155,
    -2.3753085699414327,
    -2.4032514873716133,
    -2.413316530613439,
    -2.444124028423239,
    -2.437299053282219,
    -2.499551545423159,
    -2.522358256933381,
    -2.5285584329334863,
    -2.5475701593030893,
    -2.5682255066395787,
    -2.5845120628756417,
    -2.598502581613999,
    -2.620288295177953,
    -2.635056020787609,
    -2.6442320053092754,
    -2.658092357784326,
    -2.674331856459318,
    -2.682801391064998,
    -2.691829110073113,
    -2.6986700915702806,
    -2.708662093787223,
    -2.719376237975009,
    -2.728888029924898,
    -2.7386360804892664,
    -2.7470670769591594,
    -2.753157819810589,
    -2.760529049612903,
    -2.7618651169771042,
    -2.765773168089943,
    -2.7736999479407403,
    -2.7816172062249156,
    -2.792308799539993,
    -2.8005090890723823,
    -2.795764712092813,
    -2.7990671584738354,
    -2.7987359740161306,
    -2.8001797977659004,
    -2.7974968382465275,
    -2.8138854601544767,
    -2.8217432185609725,
    -2.8241092106155303,
    -2.8208543764737106,
    -2.8243762487258754,
    -2.824565602523835,
    -2.82606270915429,
    -2.825240548386466,
    -2.8251835296286205,
    -2.832673430198027,
    -2.827668099922321,
    -2.8237179735602784,
    -2.829543095594559,
    -2.833586732464894,
    -2.8277763439154966,
    -2.830672616586548,
    -2.8360560390738736,
    -2.828956366074893,
    -2.8372719919412286
  ],
  "val_losses": [
    -2.124797906054825,
    -2.439396698943904,
    -2.355078501779525,
    -2.429459512233734,
    -2.599741593736117,
    -2.5981790433164504,
    -2.642249005739806,
    -2.666047381573036,
    -2.742210224026539,
    -2.743957019243084,
    -2.7935879855859476,
    -2.8298057083223687,
    -2.8269535791678506,
    -2.8794099072941015,
    -2.885195984215033,
    -2.907039394144152,
    -2.8847357601415915,
    -2.907654875614604,
    -2.9593457765266544,
    -2.968177381109019,
    -2.9917802712956414,
    -2.9812628538882144,
    -2.9814858162989384,
    -3.018250740942408,
    -3.0367301331191765,
    -3.042894037043462,
    -3.0843923854046182,
    -3.066041952273885,
    -3.0787733461036058,
    -3.0807791205703237,
    -3.0942827306809972,
    -3.144903386225466,
    -3.1073503670145253,
    -3.128444317911492,
    -3.10913263774309,
    -3.1324691557493365,
    -3.130108462005365,
    -3.1281413758387333,
    -3.1574956979907927,
    -3.191137855170203,
    -3.2116760484507827,
    -3.2300393112370225,
    -3.168050765991211,
    -3.1711000692648965,
    -3.2016359391759655,
    -3.1527952092592835,
    -3.199482327601949,
    -3.209475083429305,
    -3.2169817275688297,
    -3.217424687792043,
    -3.223990442322903,
    -3.2138789286378953,
    -3.2304464989021175,
    -3.2372339279925235,
    -3.2170563818978484,
    -3.224641043631757,
    -3.2072511500999576,
    -3.2149178590930876,
    -3.207156533100566,
    -3.2288609195928104,
    -3.225540653603976,
    -3.213176184013242,
    -3.2292724828251074,
    -3.2228060433121977,
    -3.2248284250009256,
    -3.217701599246166
  ],
  "metrics": {
    "mape": 1.37,
    "rmse": 461.37
  },
  "config": {
    "seed": 221,
    "data": {
      "csv_path": "data/historic_demand_2009_2024_noNaN.csv",
      "date_start": "2019-01-01",
      "date_end": "2024-12-31",
      "target": "tsd",
      "threshold_date_1": "01-01-2023",
      "threshold_date_2": "01-01-2024"
    },
    "features": {
      "enabled": true,
      "columns": [
        "is_day_off"
      ],
      "cols_to_scale": [
        "tsd"
      ]
    },
    "seq_len": 48,
    "batch_size": 144,
    "model": {
      "type": "lstm",
      "d_model": 64,
      "num_layers": 2,
      "dropout": 0.5,
      "bidirectional": false
    },
    "training": {
      "num_epochs": 100,
      "learning_rate": 0.0005,
      "patience": 12,
      "lr_factor": 0.5,
      "lr_patience": 5
    }
  }
}