year,nd,embedded_wind_generation,embedded_solar_generation,embedded_wind_capacity,embedded_solar_capacity
2019,29358.035392168054,1733.921052631579,1331.8731019522777,6178.360657609316,13076.624272177189
2020,27157.129682340885,1850.3342821359445,1372.031879767733,6515.478538084937,13080.0
2021,28346.087681242152,1525.646534992579,1281.0979563877154,6527.0,13080.0
2022,26622.87846786163,1781.6968261217035,1443.5119305856833,6542.658294325836,13816.059310423565
2023,26052.304372645278,1776.9581573238954,1396.5595387601325,6529.236556684553,15578.16514442288
2024,26042.506495894104,1849.2251501409487,1638.3980880009806,6575.45324181885,17064.104363279814
