year,tsd,embedded_wind_generation,embedded_solar_generation,embedded_wind_capacity,embedded_solar_capacity
2019,30539.09635803174,1733.921052631579,1331.8731019522777,6178.360657609316,13076.624272177189
2020,28388.27951724923,1850.3342821359445,1372.031879767733,6515.478538084937,13080.0
2021,29614.147448338852,1525.646534992579,1281.0979563877154,6527.0,13080.0
2022,29719.827092133804,1781.6968261217035,1443.5119305856833,6542.658294325836,13816.059310423565
2023,27909.154583856605,1776.9581573238954,1396.5595387601325,6529.236556684553,15578.16514442288
2024,27973.776443191568,1849.2251501409487,1638.3980880009806,6575.45324181885,17064.104363279814
