year,mean_nd
2019,29358.035392168054
2020,27157.129682340885
2021,28346.087681242152
2022,26622.87846786163
2023,26052.304372645278
2024,26042.506495894104
