year,mean_tsd
2019,30539.09635803174
2020,28388.27951724923
2021,29614.147448338852
2022,29719.827092133804
2023,27909.154583856605
2024,27973.776443191568
