{
  "timestamp": "20260319_175721",
  "total_epochs": 50,
  "best_val_loss": -3.2037478138188846,
  "final_lr": 0.00025,
  "train_losses": [
    -1.5162120409141575,
    -1.903024996085823,
    -2.040536771075192,
    -2.1442277321335714,
    -2.178293512097619,
    -2.2297833587599487,
    -2.26439974464675,
    -2.301708482618939,
    -2.3388971907891776,
    -2.3858008355330638,
    -2.421038166943027,
    -2.444140259245338,
    -2.464114618007652,
    -2.4936713232396808,
    -2.521877602140517,
    -2.533934875435408,
    -2.5578228516745125,
    -2.5823829409033365,
    -2.596342677697998,
    -2.612408313418316,
    -2.627128315657316,
    -2.636035475642774,
    -2.6553214834945646,
    -2.6573638842580745,
    -2.6766698529343342,
    -2.6977493630787186,
    -2.7112276607959913,
    -2.722997276689972,
    -2.728527345696514,
    -2.739568651579244,
    -2.741611942373507,
    -2.742685659220576,
    -2.748180105456092,
    -2.7489545697793822,
    -2.7517683398307473,
    -2.757328247877117,
    -2.761986242917039,
    -2.7660522456041843,
    -2.779195781116368,
    -2.7753580708278522,
    -2.766130088535912,
    -2.774747777523691,
    -2.7721142357624533,
    -2.7739142358180677,
    -2.7807094708115656,
    -2.782974272048449,
    -2.786038355660879,
    -2.7826312102331516,
    -2.79755964563123,
    -2.801809753480633
  ],
  "val_losses": [
    -2.207857135866509,
    -2.334797707737469,
    -2.553021896080893,
    -2.5838001380201248,
    -2.585271123979912,
    -2.5642130609418525,
    -2.6790855868917998,
    -2.7034513833092864,
    -2.8039483457315164,
    -2.8143558658537318,
    -2.8709052332112046,
    -2.8554057175995875,
    -2.827817901236112,
    -2.73071376417504,
    -2.8463605056043533,
    -2.9562295538480163,
    -2.961036359677549,
    -2.970605142780992,
    -2.9781613506254603,
    -3.0082990615094296,
    -3.0055902492804605,
    -3.030176197896238,
    -3.0134559928393756,
    -3.0400862322478996,
    -2.974348500126698,
    -3.0763794535496194,
    -3.0745621567866843,
    -3.143453676192487,
    -3.104391914899232,
    -3.096783061496547,
    -3.077539752741329,
    -3.091755947128671,
    -3.142727007631396,
    -3.159436691002768,
    -3.1191963699997447,
    -3.1532969943812637,
    -3.177531793469288,
    -3.1793027119558364,
    -3.174606499124746,
    -3.1696905405794986,
    -3.193700075149536,
    -3.2037478138188846,
    -3.1711580069338687,
    -3.130620794218095,
    -3.195440653894768,
    -3.1966303567417333,
    -3.1864338683300333,
    -3.200511926510295,
    -3.1993848515338583,
    -3.1820151141432467
  ],
  "metrics": {
    "mape": 1.42,
    "rmse": 475.77
  },
  "config": {
    "seed": 221,
    "data": {
      "csv_path": "data/historic_demand_2009_2024_noNaN.csv",
      "date_start": "2019-01-01",
      "date_end": "2024-12-31",
      "target": "tsd",
      "threshold_date_1": "01-01-2023",
      "threshold_date_2": "01-01-2024"
    },
    "features": {
      "enabled": true,
      "columns": [
        "is_working_day",
        "is_daytime"
      ],
      "cols_to_scale": [
        "tsd"
      ]
    },
    "seq_len": 48,
    "batch_size": 144,
    "model": {
      "type": "lstm",
      "d_model": 64,
      "num_layers": 2,
      "dropout": 0.5,
      "bidirectional": false
    },
    "training": {
      "num_epochs": 50,
      "learning_rate": 0.0005,
      "patience": 12,
      "lr_factor": 0.5,
      "lr_patience": 5
    }
  }
}