{
  "timestamp": "20260319_195717",
  "total_epochs": 100,
  "best_val_loss": -3.237570965876345,
  "final_lr": 1.5625e-05,
  "train_losses": [
    -1.5224153551118147,
    -1.8913627610803874,
    -2.016740269974272,
    -2.1268187751515444,
    -2.1828857819402487,
    -2.2040487363842725,
    -2.249311331361226,
    -2.2977681568760646,
    -2.3379460181543714,
    -2.3434728004604395,
    -2.3696577732567916,
    -2.4033771381241094,
    -2.440403540521187,
    -2.4505761991536104,
    -2.485668750269457,
    -2.5050025010745385,
    -2.518021818548747,
    -2.5500489147781593,
    -2.5611276129677556,
    -2.585330685550917,
    -2.6065889410904055,
    -2.615068929151343,
    -2.6369417330567595,
    -2.649168126147386,
    -2.667683080481308,
    -2.6782976648401187,
    -2.685829895477765,
    -2.7051297658767544,
    -2.711866840934362,
    -2.7288510446920533,
    -2.731402738383174,
    -2.7469802289528036,
    -2.7474197974195227,
    -2.7529814101342547,
    -2.7603276108814216,
    -2.7629943608748104,
    -2.7676090538134566,
    -2.776285426083042,
    -2.784896712528362,
    -2.776561832525892,
    -2.7801559363057726,
    -2.785513322211389,
    -2.788178376838167,
    -2.7908113174125155,
    -2.787306728793855,
    -2.7916388022091843,
    -2.7918243065507014,
    -2.792907642388001,
    -2.7917986439973177,
    -2.7955251293260703,
    -2.7936421033048533,
    -2.807632686665905,
    -2.813172785408443,
    -2.8126218147591153,
    -2.8166767434662616,
    -2.809476645330629,
    -2.818914603893272,
    -2.817602337263448,
    -2.807246147974316,
    -2.8226661241519624,
    -2.8149257019559952,
    -2.8181951222233703,
    -2.8142714965514823,
    -2.8142011317384314,
    -2.817166687281959,
    -2.8192344881915457,
    -2.821675317243384,
    -2.813515900096854,
    -2.819368522025232,
    -2.8284459965919324,
    -2.827545847001751,
    -2.824139701757098,
    -2.8264117593393188,
    -2.8251080307382823,
    -2.828594242033283,
    -2.8301920944660353,
    -2.829542260395183,
    -2.8337074961260846,
    -2.835464760508136,
    -2.8344006915356834,
    -2.8294630349294363,
    -2.8398448980319673,
    -2.8296818610823866,
    -2.8341142754290383,
    -2.8370484311967417,
    -2.836936942360974,
    -2.8365051951986073,
    -2.8355018397376277,
    -2.8383343141426542,
    -2.8326576705830786,
    -2.834364883708758,
    -2.8343378175700225,
    -2.8413965731430837,
    -2.837246420936663,
    -2.836939421032978,
    -2.8359255766232154,
    -2.838089922859928,
    -2.838210302701476,
    -2.832963435312071,
    -2.835530139582358
  ],
  "val_losses": [
    -2.154389029643575,
    -2.49416711877604,
    -2.378467164078697,
    -2.509917588507543,
    -2.5861763133377327,
    -2.5952724570133645,
    -2.7085780237541823,
    -2.6958299113101645,
    -2.7381531566870017,
    -2.7141250704155593,
    -2.7361618397665803,
    -2.7570291405818503,
    -2.830272506494991,
    -2.827406732762446,
    -2.844117277958354,
    -2.899982815883199,
    -2.904698303488434,
    -2.9510718662230695,
    -2.9281814743260868,
    -3.0137396757719945,
    -3.0069790785429906,
    -2.9991129382711943,
    -3.0272862090439094,
    -3.0437603368133797,
    -3.0220792723483725,
    -3.0754399905439285,
    -3.064375132810874,
    -3.0862322478997903,
    -3.085625759890822,
    -3.116959192713753,
    -3.1552071981742733,
    -3.145531965083763,
    -3.132072071560094,
    -3.126391508540169,
    -3.1371930779003705,
    -3.157711177575784,
    -3.161948895845257,
    -3.1592451294914623,
    -3.1837201059841718,
    -3.190505289640583,
    -3.1756658925384773,
    -3.160728952923759,
    -3.203733311324823,
    -3.197608754283092,
    -3.2118331350264,
    -3.1715364397549237,
    -3.1732168822992044,
    -3.184765110250379,
    -3.1827341083620415,
    -3.1486118093865816,
    -3.209920916400972,
    -3.191588499506966,
    -3.204087284744763,
    -3.2110396936291554,
    -3.1987810955672966,
    -3.219541627852643,
    -3.2051338055094734,
    -3.2230522378546294,
    -3.1951776430255077,
    -3.1981780568107228,
    -3.197818548952947,
    -3.211718696062682,
    -3.227187101958228,
    -3.1939303405949326,
    -3.2023454181483535,
    -3.198852705173805,
    -3.207137203607403,
    -3.2047337234997357,
    -3.2019863265459656,
    -3.229804111308739,
    -3.2325921449504915,
    -3.2305229843639935,
    -3.2107867432422323,
    -3.223724693548484,
    -3.2040616840612692,
    -3.212213459562083,
    -3.2096922299900994,
    -3.232709945225325,
    -3.2291391325778647,
    -3.222166901729146,
    -3.2285183120946415,
    -3.232584111026076,
    -3.236444260253281,
    -3.223726249132,
    -3.237446044312149,
    -3.2281772093694716,
    -3.2325091733307136,
    -3.2193435586866785,
    -3.225711673986716,
    -3.2335758990928776,
    -3.2273987668459534,
    -3.229500491111005,
    -3.237570965876345,
    -3.2334582180273337,
    -3.23122814835095,
    -3.228808574989194,
    -3.227963379172028,
    -3.233005889126512,
    -3.2257332645478796,
    -3.2282903311682527
  ],
  "metrics": {
    "mape": 1.54,
    "rmse": 503.7
  },
  "config": {
    "seed": 221,
    "data": {
      "csv_path": "data/historic_demand_2009_2024_noNaN.csv",
      "date_start": "2019-01-01",
      "date_end": "2024-12-31",
      "target": "tsd",
      "threshold_date_1": "01-01-2023",
      "threshold_date_2": "01-01-2024"
    },
    "features": {
      "enabled": false,
      "columns": [],
      "cols_to_scale": "all"
    },
    "seq_len": 48,
    "batch_size": 144,
    "model": {
      "type": "lstm",
      "d_model": 64,
      "num_layers": 2,
      "dropout": 0.5,
      "bidirectional": false
    },
    "training": {
      "num_epochs": 100,
      "learning_rate": 0.0005,
      "patience": 12,
      "lr_factor": 0.5,
      "lr_patience": 5
    }
  }
}